Column2,Year,Value Column Name,Value
All,All,Lebron,34241
All,2003,Lebron,647
All,2004,Lebron,1715
All,2005,Lebron,2317
All,2006,Lebron,2421
All,2007,Lebron,2088
All,2008,Lebron,2364
All,2009,Lebron,2423
All,2010,Lebron,2106
All,2011,Lebron,1413
All,2012,Lebron,2313
All,2013,Lebron,2038
All,2014,Lebron,2056
All,2015,Lebron,1756
All,2016,Lebron,1919
All,2017,Lebron,2212
All,2018,Lebron,2178
All,2019,Lebron,1381
All,2020,Lebron,894
ATLANTA HAWKS,All,Lebron,1572
ATLANTA HAWKS,2003,Lebron,23
ATLANTA HAWKS,2004,Lebron,123
ATLANTA HAWKS,2005,Lebron,87
ATLANTA HAWKS,2006,Lebron,130
ATLANTA HAWKS,2007,Lebron,23
ATLANTA HAWKS,2008,Lebron,150
ATLANTA HAWKS,2009,Lebron,110
ATLANTA HAWKS,2010,Lebron,49
ATLANTA HAWKS,2011,Lebron,111
ATLANTA HAWKS,2012,Lebron,130
ATLANTA HAWKS,2013,Lebron,90
ATLANTA HAWKS,2014,Lebron,110
ATLANTA HAWKS,2015,Lebron,37
ATLANTA HAWKS,2016,Lebron,86
ATLANTA HAWKS,2017,Lebron,172
ATLANTA HAWKS,2018,Lebron,48
ATLANTA HAWKS,2019,Lebron,93
ATLANTA HAWKS,2020,Lebron,
BOSTON CELTICS,All,Lebron,1537
BOSTON CELTICS,2003,Lebron,47
BOSTON CELTICS,2004,Lebron,94
BOSTON CELTICS,2005,Lebron,68
BOSTON CELTICS,2006,Lebron,117
BOSTON CELTICS,2007,Lebron,70
BOSTON CELTICS,2008,Lebron,81
BOSTON CELTICS,2009,Lebron,126
BOSTON CELTICS,2010,Lebron,174
BOSTON CELTICS,2011,Lebron,75
BOSTON CELTICS,2012,Lebron,85
BOSTON CELTICS,2013,Lebron,116
BOSTON CELTICS,2014,Lebron,70
BOSTON CELTICS,2015,Lebron,65
BOSTON CELTICS,2016,Lebron,111
BOSTON CELTICS,2017,Lebron,93
BOSTON CELTICS,2018,Lebron,43
BOSTON CELTICS,2019,Lebron,58
BOSTON CELTICS,2020,Lebron,44
BROOKLYN NETS,All,Lebron,685
BROOKLYN NETS,2003,Lebron,
BROOKLYN NETS,2004,Lebron,
BROOKLYN NETS,2005,Lebron,
BROOKLYN NETS,2006,Lebron,
BROOKLYN NETS,2007,Lebron,
BROOKLYN NETS,2008,Lebron,
BROOKLYN NETS,2009,Lebron,
BROOKLYN NETS,2010,Lebron,
BROOKLYN NETS,2011,Lebron,
BROOKLYN NETS,2012,Lebron,41
BROOKLYN NETS,2013,Lebron,50
BROOKLYN NETS,2014,Lebron,124
BROOKLYN NETS,2015,Lebron,66
BROOKLYN NETS,2016,Lebron,90
BROOKLYN NETS,2017,Lebron,129
BROOKLYN NETS,2018,Lebron,104
BROOKLYN NETS,2019,Lebron,25
BROOKLYN NETS,2020,Lebron,56
CHARLOTTE HORNETS,All,Lebron,1419
CHARLOTTE HORNETS,2003,Lebron,
CHARLOTTE HORNETS,2004,Lebron,44
CHARLOTTE HORNETS,2005,Lebron,55
CHARLOTTE HORNETS,2006,Lebron,140
CHARLOTTE HORNETS,2007,Lebron,55
CHARLOTTE HORNETS,2008,Lebron,140
CHARLOTTE HORNETS,2009,Lebron,60
CHARLOTTE HORNETS,2010,Lebron,83
CHARLOTTE HORNETS,2011,Lebron,115
CHARLOTTE HORNETS,2012,Lebron,62
CHARLOTTE HORNETS,2013,Lebron,119
CHARLOTTE HORNETS,2014,Lebron,122
CHARLOTTE HORNETS,2015,Lebron,50
CHARLOTTE HORNETS,2016,Lebron,172
CHARLOTTE HORNETS,2017,Lebron,90
CHARLOTTE HORNETS,2018,Lebron,65
CHARLOTTE HORNETS,2019,Lebron,47
CHARLOTTE HORNETS,2020,Lebron,
CHICAGO BULLS,All,Lebron,1633
CHICAGO BULLS,2003,Lebron,50
CHICAGO BULLS,2004,Lebron,80
CHICAGO BULLS,2005,Lebron,122
CHICAGO BULLS,2006,Lebron,122
CHICAGO BULLS,2007,Lebron,68
CHICAGO BULLS,2008,Lebron,225
CHICAGO BULLS,2009,Lebron,92
CHICAGO BULLS,2010,Lebron,29
CHICAGO BULLS,2011,Lebron,55
CHICAGO BULLS,2012,Lebron,127
CHICAGO BULLS,2013,Lebron,150
CHICAGO BULLS,2014,Lebron,53
CHICAGO BULLS,2015,Lebron,102
CHICAGO BULLS,2016,Lebron,111
CHICAGO BULLS,2017,Lebron,148
CHICAGO BULLS,2018,Lebron,33
CHICAGO BULLS,2019,Lebron,66
CHICAGO BULLS,2020,Lebron,
CLEVELAND CAVALIERS,All,Lebron,422
CLEVELAND CAVALIERS,2003,Lebron,
CLEVELAND CAVALIERS,2004,Lebron,
CLEVELAND CAVALIERS,2005,Lebron,
CLEVELAND CAVALIERS,2006,Lebron,
CLEVELAND CAVALIERS,2007,Lebron,
CLEVELAND CAVALIERS,2008,Lebron,
CLEVELAND CAVALIERS,2009,Lebron,
CLEVELAND CAVALIERS,2010,Lebron,59
CLEVELAND CAVALIERS,2011,Lebron,51
CLEVELAND CAVALIERS,2012,Lebron,100
CLEVELAND CAVALIERS,2013,Lebron,106
CLEVELAND CAVALIERS,2014,Lebron,43
CLEVELAND CAVALIERS,2015,Lebron,
CLEVELAND CAVALIERS,2016,Lebron,
CLEVELAND CAVALIERS,2017,Lebron,
CLEVELAND CAVALIERS,2018,Lebron,32
CLEVELAND CAVALIERS,2019,Lebron,
CLEVELAND CAVALIERS,2020,Lebron,31
DALLAS MAVERICKS,All,Lebron,924
DALLAS MAVERICKS,2003,Lebron,
DALLAS MAVERICKS,2004,Lebron,44
DALLAS MAVERICKS,2005,Lebron,56
DALLAS MAVERICKS,2006,Lebron,82
DALLAS MAVERICKS,2007,Lebron,104
DALLAS MAVERICKS,2008,Lebron,29
DALLAS MAVERICKS,2009,Lebron,74
DALLAS MAVERICKS,2010,Lebron,42
DALLAS MAVERICKS,2011,Lebron,37
DALLAS MAVERICKS,2012,Lebron,43
DALLAS MAVERICKS,2013,Lebron,71
DALLAS MAVERICKS,2014,Lebron,42
DALLAS MAVERICKS,2015,Lebron,27
DALLAS MAVERICKS,2016,Lebron,46
DALLAS MAVERICKS,2017,Lebron,42
DALLAS MAVERICKS,2018,Lebron,73
DALLAS MAVERICKS,2019,Lebron,77
DALLAS MAVERICKS,2020,Lebron,35
DENVER NUGGETS,All,Lebron,907
DENVER NUGGETS,2003,Lebron,26
DENVER NUGGETS,2004,Lebron,17
DENVER NUGGETS,2005,Lebron,61
DENVER NUGGETS,2006,Lebron,24
DENVER NUGGETS,2007,Lebron,75
DENVER NUGGETS,2008,Lebron,85
DENVER NUGGETS,2009,Lebron,
DENVER NUGGETS,2010,Lebron,78
DENVER NUGGETS,2011,Lebron,33
DENVER NUGGETS,2012,Lebron,82
DENVER NUGGETS,2013,Lebron,26
DENVER NUGGETS,2014,Lebron,65
DENVER NUGGETS,2015,Lebron,34
DENVER NUGGETS,2016,Lebron,33
DENVER NUGGETS,2017,Lebron,45
DENVER NUGGETS,2018,Lebron,106
DENVER NUGGETS,2019,Lebron,56
DENVER NUGGETS,2020,Lebron,61
DETROIT PISTONS,All,Lebron,1338
DETROIT PISTONS,2003,Lebron,29
DETROIT PISTONS,2004,Lebron,81
DETROIT PISTONS,2005,Lebron,96
DETROIT PISTONS,2006,Lebron,96
DETROIT PISTONS,2007,Lebron,97
DETROIT PISTONS,2008,Lebron,68
DETROIT PISTONS,2009,Lebron,112
DETROIT PISTONS,2010,Lebron,102
DETROIT PISTONS,2011,Lebron,74
DETROIT PISTONS,2012,Lebron,110
DETROIT PISTONS,2013,Lebron,99
DETROIT PISTONS,2014,Lebron,58
DETROIT PISTONS,2015,Lebron,102
DETROIT PISTONS,2016,Lebron,53
DETROIT PISTONS,2017,Lebron,63
DETROIT PISTONS,2018,Lebron,77
DETROIT PISTONS,2019,Lebron,
DETROIT PISTONS,2020,Lebron,21
GOLDEN STATE WARRIORS,All,Lebron,817
GOLDEN STATE WARRIORS,2003,Lebron,
GOLDEN STATE WARRIORS,2004,Lebron,96
GOLDEN STATE WARRIORS,2005,Lebron,28
GOLDEN STATE WARRIORS,2006,Lebron,47
GOLDEN STATE WARRIORS,2007,Lebron,81
GOLDEN STATE WARRIORS,2008,Lebron,23
GOLDEN STATE WARRIORS,2009,Lebron,63
GOLDEN STATE WARRIORS,2010,Lebron,62
GOLDEN STATE WARRIORS,2011,Lebron,25
GOLDEN STATE WARRIORS,2012,Lebron,57
GOLDEN STATE WARRIORS,2013,Lebron,25
GOLDEN STATE WARRIORS,2014,Lebron,62
GOLDEN STATE WARRIORS,2015,Lebron,67
GOLDEN STATE WARRIORS,2016,Lebron,47
GOLDEN STATE WARRIORS,2017,Lebron,40
GOLDEN STATE WARRIORS,2018,Lebron,49
GOLDEN STATE WARRIORS,2019,Lebron,23
GOLDEN STATE WARRIORS,2020,Lebron,22
HOUSTON ROCKETS,All,Lebron,814
HOUSTON ROCKETS,2003,Lebron,17
HOUSTON ROCKETS,2004,Lebron,14
HOUSTON ROCKETS,2005,Lebron,19
HOUSTON ROCKETS,2006,Lebron,89
HOUSTON ROCKETS,2007,Lebron,32
HOUSTON ROCKETS,2008,Lebron,85
HOUSTON ROCKETS,2009,Lebron,77
HOUSTON ROCKETS,2010,Lebron,20
HOUSTON ROCKETS,2011,Lebron,33
HOUSTON ROCKETS,2012,Lebron,70
HOUSTON ROCKETS,2013,Lebron,32
HOUSTON ROCKETS,2014,Lebron,46
HOUSTON ROCKETS,2015,Lebron,37
HOUSTON ROCKETS,2016,Lebron,38
HOUSTON ROCKETS,2017,Lebron,63
HOUSTON ROCKETS,2018,Lebron,64
HOUSTON ROCKETS,2019,Lebron,29
HOUSTON ROCKETS,2020,Lebron,49
INDIANA PACERS,All,Lebron,1585
INDIANA PACERS,2003,Lebron,72
INDIANA PACERS,2004,Lebron,54
INDIANA PACERS,2005,Lebron,109
INDIANA PACERS,2006,Lebron,110
INDIANA PACERS,2007,Lebron,99
INDIANA PACERS,2008,Lebron,107
INDIANA PACERS,2009,Lebron,124
INDIANA PACERS,2010,Lebron,79
INDIANA PACERS,2011,Lebron,68
INDIANA PACERS,2012,Lebron,107
INDIANA PACERS,2013,Lebron,104
INDIANA PACERS,2014,Lebron,93
INDIANA PACERS,2015,Lebron,83
INDIANA PACERS,2016,Lebron,57
INDIANA PACERS,2017,Lebron,159
INDIANA PACERS,2018,Lebron,91
INDIANA PACERS,2019,Lebron,38
INDIANA PACERS,2020,Lebron,31
LOS ANGELES CLIPPERS,All,Lebron,821
LOS ANGELES CLIPPERS,2003,Lebron,18
LOS ANGELES CLIPPERS,2004,Lebron,22
LOS ANGELES CLIPPERS,2005,Lebron,80
LOS ANGELES CLIPPERS,2006,Lebron,
LOS ANGELES CLIPPERS,2007,Lebron,61
LOS ANGELES CLIPPERS,2008,Lebron,28
LOS ANGELES CLIPPERS,2009,Lebron,57
LOS ANGELES CLIPPERS,2010,Lebron,64
LOS ANGELES CLIPPERS,2011,Lebron,39
LOS ANGELES CLIPPERS,2012,Lebron,53
LOS ANGELES CLIPPERS,2013,Lebron,48
LOS ANGELES CLIPPERS,2014,Lebron,31
LOS ANGELES CLIPPERS,2015,Lebron,55
LOS ANGELES CLIPPERS,2016,Lebron,65
LOS ANGELES CLIPPERS,2017,Lebron,39
LOS ANGELES CLIPPERS,2018,Lebron,25
LOS ANGELES CLIPPERS,2019,Lebron,92
LOS ANGELES CLIPPERS,2020,Lebron,44
LOS ANGELES LAKERS,All,Lebron,829
LOS ANGELES LAKERS,2003,Lebron,
LOS ANGELES LAKERS,2004,Lebron,48
LOS ANGELES LAKERS,2005,Lebron,53
LOS ANGELES LAKERS,2006,Lebron,57
LOS ANGELES LAKERS,2007,Lebron,89
LOS ANGELES LAKERS,2008,Lebron,41
LOS ANGELES LAKERS,2009,Lebron,65
LOS ANGELES LAKERS,2010,Lebron,64
LOS ANGELES LAKERS,2011,Lebron,19
LOS ANGELES LAKERS,2012,Lebron,56
LOS ANGELES LAKERS,2013,Lebron,90
LOS ANGELES LAKERS,2014,Lebron,27
LOS ANGELES LAKERS,2015,Lebron,58
LOS ANGELES LAKERS,2016,Lebron,79
LOS ANGELES LAKERS,2017,Lebron,59
LOS ANGELES LAKERS,2018,Lebron,24
LOS ANGELES LAKERS,2019,Lebron,
LOS ANGELES LAKERS,2020,Lebron,
MEMPHIS GRIZZLIES,All,Lebron,884
MEMPHIS GRIZZLIES,2003,Lebron,33
MEMPHIS GRIZZLIES,2004,Lebron,45
MEMPHIS GRIZZLIES,2005,Lebron,79
MEMPHIS GRIZZLIES,2006,Lebron,15
MEMPHIS GRIZZLIES,2007,Lebron,29
MEMPHIS GRIZZLIES,2008,Lebron,76
MEMPHIS GRIZZLIES,2009,Lebron,88
MEMPHIS GRIZZLIES,2010,Lebron,51
MEMPHIS GRIZZLIES,2011,Lebron,27
MEMPHIS GRIZZLIES,2012,Lebron,41
MEMPHIS GRIZZLIES,2013,Lebron,18
MEMPHIS GRIZZLIES,2014,Lebron,77
MEMPHIS GRIZZLIES,2015,Lebron,32
MEMPHIS GRIZZLIES,2016,Lebron,51
MEMPHIS GRIZZLIES,2017,Lebron,34
MEMPHIS GRIZZLIES,2018,Lebron,60
MEMPHIS GRIZZLIES,2019,Lebron,77
MEMPHIS GRIZZLIES,2020,Lebron,51
MIAMI HEAT,All,Lebron,1127
MIAMI HEAT,2003,Lebron,18
MIAMI HEAT,2004,Lebron,82
MIAMI HEAT,2005,Lebron,95
MIAMI HEAT,2006,Lebron,123
MIAMI HEAT,2007,Lebron,135
MIAMI HEAT,2008,Lebron,112
MIAMI HEAT,2009,Lebron,90
MIAMI HEAT,2010,Lebron,68
MIAMI HEAT,2011,Lebron,
MIAMI HEAT,2012,Lebron,
MIAMI HEAT,2013,Lebron,
MIAMI HEAT,2014,Lebron,30
MIAMI HEAT,2015,Lebron,96
MIAMI HEAT,2016,Lebron,53
MIAMI HEAT,2017,Lebron,51
MIAMI HEAT,2018,Lebron,121
MIAMI HEAT,2019,Lebron,53
MIAMI HEAT,2020,Lebron,
MILWAUKEE BUCKS,All,Lebron,1662
MILWAUKEE BUCKS,2003,Lebron,
MILWAUKEE BUCKS,2004,Lebron,122
MILWAUKEE BUCKS,2005,Lebron,126
MILWAUKEE BUCKS,2006,Lebron,121
MILWAUKEE BUCKS,2007,Lebron,129
MILWAUKEE BUCKS,2008,Lebron,137
MILWAUKEE BUCKS,2009,Lebron,118
MILWAUKEE BUCKS,2010,Lebron,40
MILWAUKEE BUCKS,2011,Lebron,80
MILWAUKEE BUCKS,2012,Lebron,157
MILWAUKEE BUCKS,2013,Lebron,89
MILWAUKEE BUCKS,2014,Lebron,56
MILWAUKEE BUCKS,2015,Lebron,113
MILWAUKEE BUCKS,2016,Lebron,128
MILWAUKEE BUCKS,2017,Lebron,117
MILWAUKEE BUCKS,2018,Lebron,40
MILWAUKEE BUCKS,2019,Lebron,52
MILWAUKEE BUCKS,2020,Lebron,37
MINNESOTA TIMBERWOLVES,All,Lebron,854
MINNESOTA TIMBERWOLVES,2003,Lebron,19
MINNESOTA TIMBERWOLVES,2004,Lebron,40
MINNESOTA TIMBERWOLVES,2005,Lebron,64
MINNESOTA TIMBERWOLVES,2006,Lebron,72
MINNESOTA TIMBERWOLVES,2007,Lebron,76
MINNESOTA TIMBERWOLVES,2008,Lebron,62
MINNESOTA TIMBERWOLVES,2009,Lebron,49
MINNESOTA TIMBERWOLVES,2010,Lebron,32
MINNESOTA TIMBERWOLVES,2011,Lebron,61
MINNESOTA TIMBERWOLVES,2012,Lebron,22
MINNESOTA TIMBERWOLVES,2013,Lebron,41
MINNESOTA TIMBERWOLVES,2014,Lebron,58
MINNESOTA TIMBERWOLVES,2015,Lebron,36
MINNESOTA TIMBERWOLVES,2016,Lebron,38
MINNESOTA TIMBERWOLVES,2017,Lebron,52
MINNESOTA TIMBERWOLVES,2018,Lebron,100
MINNESOTA TIMBERWOLVES,2019,Lebron,32
MINNESOTA TIMBERWOLVES,2020,Lebron,
NEW JERSEY NETS,All,Lebron,843
NEW JERSEY NETS,2003,Lebron,
NEW JERSEY NETS,2004,Lebron,114
NEW JERSEY NETS,2005,Lebron,115
NEW JERSEY NETS,2006,Lebron,100
NEW JERSEY NETS,2007,Lebron,83
NEW JERSEY NETS,2008,Lebron,106
NEW JERSEY NETS,2009,Lebron,75
NEW JERSEY NETS,2010,Lebron,129
NEW JERSEY NETS,2011,Lebron,31
NEW JERSEY NETS,2012,Lebron,90
NEW JERSEY NETS,2013,Lebron,
NEW JERSEY NETS,2014,Lebron,
NEW JERSEY NETS,2015,Lebron,
NEW JERSEY NETS,2016,Lebron,
NEW JERSEY NETS,2017,Lebron,
NEW JERSEY NETS,2018,Lebron,
NEW JERSEY NETS,2019,Lebron,
NEW JERSEY NETS,2020,Lebron,
NEW ORLEANS HORNETS,All,Lebron,409
NEW ORLEANS HORNETS,2003,Lebron,37
NEW ORLEANS HORNETS,2004,Lebron,62
NEW ORLEANS HORNETS,2005,Lebron,44
NEW ORLEANS HORNETS,2006,Lebron,
NEW ORLEANS HORNETS,2007,Lebron,21
NEW ORLEANS HORNETS,2008,Lebron,36
NEW ORLEANS HORNETS,2009,Lebron,29
NEW ORLEANS HORNETS,2010,Lebron,98
NEW ORLEANS HORNETS,2011,Lebron,
NEW ORLEANS HORNETS,2012,Lebron,46
NEW ORLEANS HORNETS,2013,Lebron,36
NEW ORLEANS HORNETS,2014,Lebron,
NEW ORLEANS HORNETS,2015,Lebron,
NEW ORLEANS HORNETS,2016,Lebron,
NEW ORLEANS HORNETS,2017,Lebron,
NEW ORLEANS HORNETS,2018,Lebron,
NEW ORLEANS HORNETS,2019,Lebron,
NEW ORLEANS HORNETS,2020,Lebron,
NEW ORLEANS PELICANS,All,Lebron,493
NEW ORLEANS PELICANS,2003,Lebron,
NEW ORLEANS PELICANS,2004,Lebron,
NEW ORLEANS PELICANS,2005,Lebron,
NEW ORLEANS PELICANS,2006,Lebron,
NEW ORLEANS PELICANS,2007,Lebron,
NEW ORLEANS PELICANS,2008,Lebron,
NEW ORLEANS PELICANS,2009,Lebron,
NEW ORLEANS PELICANS,2010,Lebron,
NEW ORLEANS PELICANS,2011,Lebron,
NEW ORLEANS PELICANS,2012,Lebron,
NEW ORLEANS PELICANS,2013,Lebron,
NEW ORLEANS PELICANS,2014,Lebron,130
NEW ORLEANS PELICANS,2015,Lebron,37
NEW ORLEANS PELICANS,2016,Lebron,27
NEW ORLEANS PELICANS,2017,Lebron,70
NEW ORLEANS PELICANS,2018,Lebron,49
NEW ORLEANS PELICANS,2019,Lebron,89
NEW ORLEANS PELICANS,2020,Lebron,91
NEW ORLEANS/OKLAHOMA CITY HORNETS,All,Lebron,113
NEW ORLEANS/OKLAHOMA CITY HORNETS,2003,Lebron,
NEW ORLEANS/OKLAHOMA CITY HORNETS,2004,Lebron,
NEW ORLEANS/OKLAHOMA CITY HORNETS,2005,Lebron,31
NEW ORLEANS/OKLAHOMA CITY HORNETS,2006,Lebron,47
NEW ORLEANS/OKLAHOMA CITY HORNETS,2007,Lebron,35
NEW ORLEANS/OKLAHOMA CITY HORNETS,2008,Lebron,
NEW ORLEANS/OKLAHOMA CITY HORNETS,2009,Lebron,
NEW ORLEANS/OKLAHOMA CITY HORNETS,2010,Lebron,
NEW ORLEANS/OKLAHOMA CITY HORNETS,2011,Lebron,
NEW ORLEANS/OKLAHOMA CITY HORNETS,2012,Lebron,
NEW ORLEANS/OKLAHOMA CITY HORNETS,2013,Lebron,
NEW ORLEANS/OKLAHOMA CITY HORNETS,2014,Lebron,
NEW ORLEANS/OKLAHOMA CITY HORNETS,2015,Lebron,
NEW ORLEANS/OKLAHOMA CITY HORNETS,2016,Lebron,
NEW ORLEANS/OKLAHOMA CITY HORNETS,2017,Lebron,
NEW ORLEANS/OKLAHOMA CITY HORNETS,2018,Lebron,
NEW ORLEANS/OKLAHOMA CITY HORNETS,2019,Lebron,
NEW ORLEANS/OKLAHOMA CITY HORNETS,2020,Lebron,
NEW YORK KNICKERBOCKERS,All,Lebron,1460
NEW YORK KNICKERBOCKERS,2003,Lebron,17
NEW YORK KNICKERBOCKERS,2004,Lebron,66
NEW YORK KNICKERBOCKERS,2005,Lebron,49
NEW YORK KNICKERBOCKERS,2006,Lebron,128
NEW YORK KNICKERBOCKERS,2007,Lebron,122
NEW YORK KNICKERBOCKERS,2008,Lebron,97
NEW YORK KNICKERBOCKERS,2009,Lebron,104
NEW YORK KNICKERBOCKERS,2010,Lebron,119
NEW YORK KNICKERBOCKERS,2011,Lebron,51
NEW YORK KNICKERBOCKERS,2012,Lebron,134
NEW YORK KNICKERBOCKERS,2013,Lebron,29
NEW YORK KNICKERBOCKERS,2014,Lebron,167
NEW YORK KNICKERBOCKERS,2015,Lebron,96
NEW YORK KNICKERBOCKERS,2016,Lebron,71
NEW YORK KNICKERBOCKERS,2017,Lebron,89
NEW YORK KNICKERBOCKERS,2018,Lebron,36
NEW YORK KNICKERBOCKERS,2019,Lebron,33
NEW YORK KNICKERBOCKERS,2020,Lebron,52
OKLAHOMA CITY THUNDER,All,Lebron,611
OKLAHOMA CITY THUNDER,2003,Lebron,
OKLAHOMA CITY THUNDER,2004,Lebron,
OKLAHOMA CITY THUNDER,2005,Lebron,
OKLAHOMA CITY THUNDER,2006,Lebron,
OKLAHOMA CITY THUNDER,2007,Lebron,
OKLAHOMA CITY THUNDER,2008,Lebron,45
OKLAHOMA CITY THUNDER,2009,Lebron,44
OKLAHOMA CITY THUNDER,2010,Lebron,37
OKLAHOMA CITY THUNDER,2011,Lebron,42
OKLAHOMA CITY THUNDER,2012,Lebron,80
OKLAHOMA CITY THUNDER,2013,Lebron,39
OKLAHOMA CITY THUNDER,2014,Lebron,67
OKLAHOMA CITY THUNDER,2015,Lebron,67
OKLAHOMA CITY THUNDER,2016,Lebron,25
OKLAHOMA CITY THUNDER,2017,Lebron,43
OKLAHOMA CITY THUNDER,2018,Lebron,55
OKLAHOMA CITY THUNDER,2019,Lebron,48
OKLAHOMA CITY THUNDER,2020,Lebron,19
ORLANDO MAGIC,All,Lebron,1450
ORLANDO MAGIC,2003,Lebron,34
ORLANDO MAGIC,2004,Lebron,46
ORLANDO MAGIC,2005,Lebron,156
ORLANDO MAGIC,2006,Lebron,112
ORLANDO MAGIC,2007,Lebron,57
ORLANDO MAGIC,2008,Lebron,76
ORLANDO MAGIC,2009,Lebron,128
ORLANDO MAGIC,2010,Lebron,105
ORLANDO MAGIC,2011,Lebron,80
ORLANDO MAGIC,2012,Lebron,111
ORLANDO MAGIC,2013,Lebron,93
ORLANDO MAGIC,2014,Lebron,93
ORLANDO MAGIC,2015,Lebron,61
ORLANDO MAGIC,2016,Lebron,70
ORLANDO MAGIC,2017,Lebron,64
ORLANDO MAGIC,2018,Lebron,120
ORLANDO MAGIC,2019,Lebron,25
ORLANDO MAGIC,2020,Lebron,19
PHILADELPHIA 76ERS,All,Lebron,1394
PHILADELPHIA 76ERS,2003,Lebron,58
PHILADELPHIA 76ERS,2004,Lebron,16
PHILADELPHIA 76ERS,2005,Lebron,123
PHILADELPHIA 76ERS,2006,Lebron,126
PHILADELPHIA 76ERS,2007,Lebron,78
PHILADELPHIA 76ERS,2008,Lebron,110
PHILADELPHIA 76ERS,2009,Lebron,95
PHILADELPHIA 76ERS,2010,Lebron,59
PHILADELPHIA 76ERS,2011,Lebron,32
PHILADELPHIA 76ERS,2012,Lebron,117
PHILADELPHIA 76ERS,2013,Lebron,120
PHILADELPHIA 76ERS,2014,Lebron,21
PHILADELPHIA 76ERS,2015,Lebron,114
PHILADELPHIA 76ERS,2016,Lebron,88
PHILADELPHIA 76ERS,2017,Lebron,94
PHILADELPHIA 76ERS,2018,Lebron,74
PHILADELPHIA 76ERS,2019,Lebron,18
PHILADELPHIA 76ERS,2020,Lebron,51
PHOENIX SUNS,All,Lebron,933
PHOENIX SUNS,2003,Lebron,21
PHOENIX SUNS,2004,Lebron,78
PHOENIX SUNS,2005,Lebron,
PHOENIX SUNS,2006,Lebron,90
PHOENIX SUNS,2007,Lebron,91
PHOENIX SUNS,2008,Lebron,36
PHOENIX SUNS,2009,Lebron,101
PHOENIX SUNS,2010,Lebron,56
PHOENIX SUNS,2011,Lebron,
PHOENIX SUNS,2012,Lebron,64
PHOENIX SUNS,2013,Lebron,35
PHOENIX SUNS,2014,Lebron,37
PHOENIX SUNS,2015,Lebron,64
PHOENIX SUNS,2016,Lebron,21
PHOENIX SUNS,2017,Lebron,49
PHOENIX SUNS,2018,Lebron,96
PHOENIX SUNS,2019,Lebron,46
PHOENIX SUNS,2020,Lebron,48
PORTLAND TRAILBLAZERS,All,Lebron,926
PORTLAND TRAILBLAZERS,2003,Lebron,40
PORTLAND TRAILBLAZERS,2004,Lebron,25
PORTLAND TRAILBLAZERS,2005,Lebron,27
PORTLAND TRAILBLAZERS,2006,Lebron,88
PORTLAND TRAILBLAZERS,2007,Lebron,23
PORTLAND TRAILBLAZERS,2008,Lebron,61
PORTLAND TRAILBLAZERS,2009,Lebron,93
PORTLAND TRAILBLAZERS,2010,Lebron,41
PORTLAND TRAILBLAZERS,2011,Lebron,75
PORTLAND TRAILBLAZERS,2012,Lebron,38
PORTLAND TRAILBLAZERS,2013,Lebron,45
PORTLAND TRAILBLAZERS,2014,Lebron,43
PORTLAND TRAILBLAZERS,2015,Lebron,45
PORTLAND TRAILBLAZERS,2016,Lebron,31
PORTLAND TRAILBLAZERS,2017,Lebron,20
PORTLAND TRAILBLAZERS,2018,Lebron,157
PORTLAND TRAILBLAZERS,2019,Lebron,52
PORTLAND TRAILBLAZERS,2020,Lebron,22
SACRAMENTO KINGS,All,Lebron,806
SACRAMENTO KINGS,2003,Lebron,25
SACRAMENTO KINGS,2004,Lebron,
SACRAMENTO KINGS,2005,Lebron,83
SACRAMENTO KINGS,2006,Lebron,19
SACRAMENTO KINGS,2007,Lebron,60
SACRAMENTO KINGS,2008,Lebron,24
SACRAMENTO KINGS,2009,Lebron,108
SACRAMENTO KINGS,2010,Lebron,59
SACRAMENTO KINGS,2011,Lebron,31
SACRAMENTO KINGS,2012,Lebron,18
SACRAMENTO KINGS,2013,Lebron,111
SACRAMENTO KINGS,2014,Lebron,
SACRAMENTO KINGS,2015,Lebron,19
SACRAMENTO KINGS,2016,Lebron,46
SACRAMENTO KINGS,2017,Lebron,88
SACRAMENTO KINGS,2018,Lebron,25
SACRAMENTO KINGS,2019,Lebron,58
SACRAMENTO KINGS,2020,Lebron,32
SAN ANTONIO SPURS,All,Lebron,950
SAN ANTONIO SPURS,2003,Lebron,
SAN ANTONIO SPURS,2004,Lebron,73
SAN ANTONIO SPURS,2005,Lebron,40
SAN ANTONIO SPURS,2006,Lebron,79
SAN ANTONIO SPURS,2007,Lebron,19
SAN ANTONIO SPURS,2008,Lebron,66
SAN ANTONIO SPURS,2009,Lebron,68
SAN ANTONIO SPURS,2010,Lebron,27
SAN ANTONIO SPURS,2011,Lebron,47
SAN ANTONIO SPURS,2012,Lebron,56
SAN ANTONIO SPURS,2013,Lebron,
SAN ANTONIO SPURS,2014,Lebron,52
SAN ANTONIO SPURS,2015,Lebron,31
SAN ANTONIO SPURS,2016,Lebron,51
SAN ANTONIO SPURS,2017,Lebron,46
SAN ANTONIO SPURS,2018,Lebron,205
SAN ANTONIO SPURS,2019,Lebron,54
SAN ANTONIO SPURS,2020,Lebron,36
SEATTLE SUPERSONICS,All,Lebron,233
SEATTLE SUPERSONICS,2003,Lebron,
SEATTLE SUPERSONICS,2004,Lebron,27
SEATTLE SUPERSONICS,2005,Lebron,132
SEATTLE SUPERSONICS,2006,Lebron,22
SEATTLE SUPERSONICS,2007,Lebron,30
SEATTLE SUPERSONICS,2008,Lebron,22
SEATTLE SUPERSONICS,2009,Lebron,
SEATTLE SUPERSONICS,2010,Lebron,
SEATTLE SUPERSONICS,2011,Lebron,
SEATTLE SUPERSONICS,2012,Lebron,
SEATTLE SUPERSONICS,2013,Lebron,
SEATTLE SUPERSONICS,2014,Lebron,
SEATTLE SUPERSONICS,2015,Lebron,
SEATTLE SUPERSONICS,2016,Lebron,
SEATTLE SUPERSONICS,2017,Lebron,
SEATTLE SUPERSONICS,2018,Lebron,
SEATTLE SUPERSONICS,2019,Lebron,
SEATTLE SUPERSONICS,2020,Lebron,
TORONTO RAPTORS,All,Lebron,1492
TORONTO RAPTORS,2003,Lebron,18
TORONTO RAPTORS,2004,Lebron,83
TORONTO RAPTORS,2005,Lebron,125
TORONTO RAPTORS,2006,Lebron,108
TORONTO RAPTORS,2007,Lebron,102
TORONTO RAPTORS,2008,Lebron,99
TORONTO RAPTORS,2009,Lebron,76
TORONTO RAPTORS,2010,Lebron,106
TORONTO RAPTORS,2011,Lebron,61
TORONTO RAPTORS,2012,Lebron,84
TORONTO RAPTORS,2013,Lebron,145
TORONTO RAPTORS,2014,Lebron,136
TORONTO RAPTORS,2015,Lebron,53
TORONTO RAPTORS,2016,Lebron,128
TORONTO RAPTORS,2017,Lebron,
TORONTO RAPTORS,2018,Lebron,106
TORONTO RAPTORS,2019,Lebron,42
TORONTO RAPTORS,2020,Lebron,20
UTAH JAZZ,All,Lebron,949
UTAH JAZZ,2003,Lebron,
UTAH JAZZ,2004,Lebron,43
UTAH JAZZ,2005,Lebron,88
UTAH JAZZ,2006,Lebron,51
UTAH JAZZ,2007,Lebron,119
UTAH JAZZ,2008,Lebron,38
UTAH JAZZ,2009,Lebron,54
UTAH JAZZ,2010,Lebron,89
UTAH JAZZ,2011,Lebron,
UTAH JAZZ,2012,Lebron,65
UTAH JAZZ,2013,Lebron,62
UTAH JAZZ,2014,Lebron,44
UTAH JAZZ,2015,Lebron,57
UTAH JAZZ,2016,Lebron,23
UTAH JAZZ,2017,Lebron,120
UTAH JAZZ,2018,Lebron,22
UTAH JAZZ,2019,Lebron,52
UTAH JAZZ,2020,Lebron,22
WASHINGTON WIZARDS,All,Lebron,1349
WASHINGTON WIZARDS,2003,Lebron,45
WASHINGTON WIZARDS,2004,Lebron,76
WASHINGTON WIZARDS,2005,Lebron,106
WASHINGTON WIZARDS,2006,Lebron,106
WASHINGTON WIZARDS,2007,Lebron,25
WASHINGTON WIZARDS,2008,Lebron,99
WASHINGTON WIZARDS,2009,Lebron,143
WASHINGTON WIZARDS,2010,Lebron,85
WASHINGTON WIZARDS,2011,Lebron,60
WASHINGTON WIZARDS,2012,Lebron,67
WASHINGTON WIZARDS,2013,Lebron,49
WASHINGTON WIZARDS,2014,Lebron,99
WASHINGTON WIZARDS,2015,Lebron,52
WASHINGTON WIZARDS,2016,Lebron,80
WASHINGTON WIZARDS,2017,Lebron,133
WASHINGTON WIZARDS,2018,Lebron,78
WASHINGTON WIZARDS,2019,Lebron,46
WASHINGTON WIZARDS,2020,Lebron,
All,All,Jordan,32241
All,1984,Jordan,768
All,1985,Jordan,1568
All,1986,Jordan,1382
All,1987,Jordan,2878
All,1988,Jordan,2935
All,1989,Jordan,2593
All,1990,Jordan,2715
All,1991,Jordan,2517
All,1992,Jordan,2460
All,1993,Jordan,1674
All,1995,Jordan,1298
All,1996,Jordan,2609
All,1997,Jordan,2311
All,1998,Jordan,1518
All,2001,Jordan,708
All,2002,Jordan,1196
All,2003,Jordan,1111
ATLANTA HAWKS,All,Jordan,1943
ATLANTA HAWKS,1984,Jordan,55
ATLANTA HAWKS,1985,Jordan,131
ATLANTA HAWKS,1986,Jordan,152
ATLANTA HAWKS,1987,Jordan,258
ATLANTA HAWKS,1988,Jordan,132
ATLANTA HAWKS,1989,Jordan,189
ATLANTA HAWKS,1990,Jordan,79
ATLANTA HAWKS,1991,Jordan,211
ATLANTA HAWKS,1992,Jordan,133
ATLANTA HAWKS,1993,Jordan,64
ATLANTA HAWKS,1995,Jordan,87
ATLANTA HAWKS,1996,Jordan,106
ATLANTA HAWKS,1997,Jordan,114
ATLANTA HAWKS,1998,Jordan,71
ATLANTA HAWKS,2001,Jordan,54
ATLANTA HAWKS,2002,Jordan,68
ATLANTA HAWKS,2003,Jordan,39
BOSTON CELTICS,All,Jordan,1720
BOSTON CELTICS,1984,Jordan,59
BOSTON CELTICS,1985,Jordan,136
BOSTON CELTICS,1986,Jordan,68
BOSTON CELTICS,1987,Jordan,161
BOSTON CELTICS,1988,Jordan,293
BOSTON CELTICS,1989,Jordan,66
BOSTON CELTICS,1990,Jordan,190
BOSTON CELTICS,1991,Jordan,134
BOSTON CELTICS,1992,Jordan,82
BOSTON CELTICS,1993,Jordan,61
BOSTON CELTICS,1995,Jordan,102
BOSTON CELTICS,1996,Jordan,78
BOSTON CELTICS,1997,Jordan,112
BOSTON CELTICS,1998,Jordan,43
BOSTON CELTICS,2001,Jordan,49
BOSTON CELTICS,2002,Jordan,21
BOSTON CELTICS,2003,Jordan,65
CHARLOTTE HORNETS,All,Jordan,1187
CHARLOTTE HORNETS,1984,Jordan,
CHARLOTTE HORNETS,1985,Jordan,
CHARLOTTE HORNETS,1986,Jordan,
CHARLOTTE HORNETS,1987,Jordan,
CHARLOTTE HORNETS,1988,Jordan,33
CHARLOTTE HORNETS,1989,Jordan,146
CHARLOTTE HORNETS,1990,Jordan,68
CHARLOTTE HORNETS,1991,Jordan,191
CHARLOTTE HORNETS,1992,Jordan,107
CHARLOTTE HORNETS,1993,Jordan,118
CHARLOTTE HORNETS,1995,Jordan,61
CHARLOTTE HORNETS,1996,Jordan,193
CHARLOTTE HORNETS,1997,Jordan,99
CHARLOTTE HORNETS,1998,Jordan,62
CHARLOTTE HORNETS,2001,Jordan,109
CHARLOTTE HORNETS,2002,Jordan,
CHARLOTTE HORNETS,2003,Jordan,
CHICAGO BULLS,All,Jordan,97
CHICAGO BULLS,1984,Jordan,
CHICAGO BULLS,1985,Jordan,
CHICAGO BULLS,1986,Jordan,
CHICAGO BULLS,1987,Jordan,
CHICAGO BULLS,1988,Jordan,
CHICAGO BULLS,1989,Jordan,
CHICAGO BULLS,1990,Jordan,
CHICAGO BULLS,1991,Jordan,
CHICAGO BULLS,1992,Jordan,
CHICAGO BULLS,1993,Jordan,
CHICAGO BULLS,1995,Jordan,
CHICAGO BULLS,1996,Jordan,
CHICAGO BULLS,1997,Jordan,
CHICAGO BULLS,1998,Jordan,
CHICAGO BULLS,2001,Jordan,
CHICAGO BULLS,2002,Jordan,45
CHICAGO BULLS,2003,Jordan,52
CLEVELAND CAVALIERS,All,Jordan,2048
CLEVELAND CAVALIERS,1984,Jordan,45
CLEVELAND CAVALIERS,1985,Jordan,164
CLEVELAND CAVALIERS,1986,Jordan,121
CLEVELAND CAVALIERS,1987,Jordan,184
CLEVELAND CAVALIERS,1988,Jordan,220
CLEVELAND CAVALIERS,1989,Jordan,198
CLEVELAND CAVALIERS,1990,Jordan,226
CLEVELAND CAVALIERS,1991,Jordan,115
CLEVELAND CAVALIERS,1992,Jordan,182
CLEVELAND CAVALIERS,1993,Jordan,80
CLEVELAND CAVALIERS,1995,Jordan,98
CLEVELAND CAVALIERS,1996,Jordan,91
CLEVELAND CAVALIERS,1997,Jordan,123
CLEVELAND CAVALIERS,1998,Jordan,46
CLEVELAND CAVALIERS,2001,Jordan,18
CLEVELAND CAVALIERS,2002,Jordan,84
CLEVELAND CAVALIERS,2003,Jordan,53
DALLAS MAVERICKS,All,Jordan,685
DALLAS MAVERICKS,1984,Jordan,20
DALLAS MAVERICKS,1985,Jordan,20
DALLAS MAVERICKS,1986,Jordan,
DALLAS MAVERICKS,1987,Jordan,107
DALLAS MAVERICKS,1988,Jordan,39
DALLAS MAVERICKS,1989,Jordan,65
DALLAS MAVERICKS,1990,Jordan,43
DALLAS MAVERICKS,1991,Jordan,86
DALLAS MAVERICKS,1992,Jordan,25
DALLAS MAVERICKS,1993,Jordan,15
DALLAS MAVERICKS,1995,Jordan,68
DALLAS MAVERICKS,1996,Jordan,36
DALLAS MAVERICKS,1997,Jordan,61
DALLAS MAVERICKS,1998,Jordan,26
DALLAS MAVERICKS,2001,Jordan,21
DALLAS MAVERICKS,2002,Jordan,23
DALLAS MAVERICKS,2003,Jordan,30
DENVER NUGGETS,All,Jordan,765
DENVER NUGGETS,1984,Jordan,17
DENVER NUGGETS,1985,Jordan,35
DENVER NUGGETS,1986,Jordan,77
DENVER NUGGETS,1987,Jordan,23
DENVER NUGGETS,1988,Jordan,80
DENVER NUGGETS,1989,Jordan,73
DENVER NUGGETS,1990,Jordan,53
DENVER NUGGETS,1991,Jordan,68
DENVER NUGGETS,1992,Jordan,68
DENVER NUGGETS,1993,Jordan,39
DENVER NUGGETS,1995,Jordan,
DENVER NUGGETS,1996,Jordan,103
DENVER NUGGETS,1997,Jordan,24
DENVER NUGGETS,1998,Jordan,45
DENVER NUGGETS,2001,Jordan,
DENVER NUGGETS,2002,Jordan,16
DENVER NUGGETS,2003,Jordan,44
DETROIT PISTONS,All,Jordan,1892
DETROIT PISTONS,1984,Jordan,73
DETROIT PISTONS,1985,Jordan,138
DETROIT PISTONS,1986,Jordan,33
DETROIT PISTONS,1987,Jordan,296
DETROIT PISTONS,1988,Jordan,188
DETROIT PISTONS,1989,Jordan,160
DETROIT PISTONS,1990,Jordan,160
DETROIT PISTONS,1991,Jordan,108
DETROIT PISTONS,1992,Jordan,146
DETROIT PISTONS,1993,Jordan,87
DETROIT PISTONS,1995,Jordan,46
DETROIT PISTONS,1996,Jordan,189
DETROIT PISTONS,1997,Jordan,41
DETROIT PISTONS,1998,Jordan,100
DETROIT PISTONS,2001,Jordan,19
DETROIT PISTONS,2002,Jordan,70
DETROIT PISTONS,2003,Jordan,38
GOLDEN STATE WARRIORS,All,Jordan,749
GOLDEN STATE WARRIORS,1984,Jordan,13
GOLDEN STATE WARRIORS,1985,Jordan,50
GOLDEN STATE WARRIORS,1986,Jordan,71
GOLDEN STATE WARRIORS,1987,Jordan,16
GOLDEN STATE WARRIORS,1988,Jordan,62
GOLDEN STATE WARRIORS,1989,Jordan,62
GOLDEN STATE WARRIORS,1990,Jordan,100
GOLDEN STATE WARRIORS,1991,Jordan,75
GOLDEN STATE WARRIORS,1992,Jordan,49
GOLDEN STATE WARRIORS,1993,Jordan,26
GOLDEN STATE WARRIORS,1995,Jordan,
GOLDEN STATE WARRIORS,1996,Jordan,57
GOLDEN STATE WARRIORS,1997,Jordan,52
GOLDEN STATE WARRIORS,1998,Jordan,46
GOLDEN STATE WARRIORS,2001,Jordan,32
GOLDEN STATE WARRIORS,2002,Jordan,
GOLDEN STATE WARRIORS,2003,Jordan,38
HOUSTON ROCKETS,All,Jordan,791
HOUSTON ROCKETS,1984,Jordan,18
HOUSTON ROCKETS,1985,Jordan,31
HOUSTON ROCKETS,1986,Jordan,
HOUSTON ROCKETS,1987,Jordan,165
HOUSTON ROCKETS,1988,Jordan,
HOUSTON ROCKETS,1989,Jordan,62
HOUSTON ROCKETS,1990,Jordan,65
HOUSTON ROCKETS,1991,Jordan,66
HOUSTON ROCKETS,1992,Jordan,83
HOUSTON ROCKETS,1993,Jordan,26
HOUSTON ROCKETS,1995,Jordan,
HOUSTON ROCKETS,1996,Jordan,60
HOUSTON ROCKETS,1997,Jordan,58
HOUSTON ROCKETS,1998,Jordan,85
HOUSTON ROCKETS,2001,Jordan,18
HOUSTON ROCKETS,2002,Jordan,19
HOUSTON ROCKETS,2003,Jordan,35
INDIANA PACERS,All,Jordan,1918
INDIANA PACERS,1984,Jordan,61
INDIANA PACERS,1985,Jordan,115
INDIANA PACERS,1986,Jordan,111
INDIANA PACERS,1987,Jordan,165
INDIANA PACERS,1988,Jordan,197
INDIANA PACERS,1989,Jordan,154
INDIANA PACERS,1990,Jordan,198
INDIANA PACERS,1991,Jordan,118
INDIANA PACERS,1992,Jordan,126
INDIANA PACERS,1993,Jordan,104
INDIANA PACERS,1995,Jordan,103
INDIANA PACERS,1996,Jordan,96
INDIANA PACERS,1997,Jordan,123
INDIANA PACERS,1998,Jordan,89
INDIANA PACERS,2001,Jordan,27
INDIANA PACERS,2002,Jordan,65
INDIANA PACERS,2003,Jordan,66
LOS ANGELES CLIPPERS,All,Jordan,667
LOS ANGELES CLIPPERS,1984,Jordan,20
LOS ANGELES CLIPPERS,1985,Jordan,26
LOS ANGELES CLIPPERS,1986,Jordan,
LOS ANGELES CLIPPERS,1987,Jordan,70
LOS ANGELES CLIPPERS,1988,Jordan,83
LOS ANGELES CLIPPERS,1989,Jordan,67
LOS ANGELES CLIPPERS,1990,Jordan,62
LOS ANGELES CLIPPERS,1991,Jordan,23
LOS ANGELES CLIPPERS,1992,Jordan,15
LOS ANGELES CLIPPERS,1993,Jordan,56
LOS ANGELES CLIPPERS,1995,Jordan,37
LOS ANGELES CLIPPERS,1996,Jordan,81
LOS ANGELES CLIPPERS,1997,Jordan,76
LOS ANGELES CLIPPERS,1998,Jordan,
LOS ANGELES CLIPPERS,2001,Jordan,
LOS ANGELES CLIPPERS,2002,Jordan,18
LOS ANGELES CLIPPERS,2003,Jordan,33
LOS ANGELES LAKERS,All,Jordan,752
LOS ANGELES LAKERS,1984,Jordan,20
LOS ANGELES LAKERS,1985,Jordan,16
LOS ANGELES LAKERS,1986,Jordan,41
LOS ANGELES LAKERS,1987,Jordan,33
LOS ANGELES LAKERS,1988,Jordan,119
LOS ANGELES LAKERS,1989,Jordan,58
LOS ANGELES LAKERS,1990,Jordan,65
LOS ANGELES LAKERS,1991,Jordan,44
LOS ANGELES LAKERS,1992,Jordan,87
LOS ANGELES LAKERS,1993,Jordan,36
LOS ANGELES LAKERS,1995,Jordan,20
LOS ANGELES LAKERS,1996,Jordan,47
LOS ANGELES LAKERS,1997,Jordan,63
LOS ANGELES LAKERS,1998,Jordan,31
LOS ANGELES LAKERS,2001,Jordan,
LOS ANGELES LAKERS,2002,Jordan,49
LOS ANGELES LAKERS,2003,Jordan,23
MEMPHIS GRIZZLIES,All,Jordan,69
MEMPHIS GRIZZLIES,1984,Jordan,
MEMPHIS GRIZZLIES,1985,Jordan,
MEMPHIS GRIZZLIES,1986,Jordan,
MEMPHIS GRIZZLIES,1987,Jordan,
MEMPHIS GRIZZLIES,1988,Jordan,
MEMPHIS GRIZZLIES,1989,Jordan,
MEMPHIS GRIZZLIES,1990,Jordan,
MEMPHIS GRIZZLIES,1991,Jordan,
MEMPHIS GRIZZLIES,1992,Jordan,
MEMPHIS GRIZZLIES,1993,Jordan,
MEMPHIS GRIZZLIES,1995,Jordan,
MEMPHIS GRIZZLIES,1996,Jordan,
MEMPHIS GRIZZLIES,1997,Jordan,
MEMPHIS GRIZZLIES,1998,Jordan,
MEMPHIS GRIZZLIES,2001,Jordan,16
MEMPHIS GRIZZLIES,2002,Jordan,53
MEMPHIS GRIZZLIES,2003,Jordan,
MIAMI HEAT,All,Jordan,1142
MIAMI HEAT,1984,Jordan,
MIAMI HEAT,1985,Jordan,
MIAMI HEAT,1986,Jordan,
MIAMI HEAT,1987,Jordan,
MIAMI HEAT,1988,Jordan,38
MIAMI HEAT,1989,Jordan,70
MIAMI HEAT,1990,Jordan,138
MIAMI HEAT,1991,Jordan,89
MIAMI HEAT,1992,Jordan,191
MIAMI HEAT,1993,Jordan,63
MIAMI HEAT,1995,Jordan,31
MIAMI HEAT,1996,Jordan,243
MIAMI HEAT,1997,Jordan,50
MIAMI HEAT,1998,Jordan,63
MIAMI HEAT,2001,Jordan,47
MIAMI HEAT,2002,Jordan,54
MIAMI HEAT,2003,Jordan,65
MILWAUKEE BUCKS,All,Jordan,2129
MILWAUKEE BUCKS,1984,Jordan,93
MILWAUKEE BUCKS,1985,Jordan,80
MILWAUKEE BUCKS,1986,Jordan,118
MILWAUKEE BUCKS,1987,Jordan,219
MILWAUKEE BUCKS,1988,Jordan,217
MILWAUKEE BUCKS,1989,Jordan,133
MILWAUKEE BUCKS,1990,Jordan,209
MILWAUKEE BUCKS,1991,Jordan,212
MILWAUKEE BUCKS,1992,Jordan,132
MILWAUKEE BUCKS,1993,Jordan,146
MILWAUKEE BUCKS,1995,Jordan,78
MILWAUKEE BUCKS,1996,Jordan,127
MILWAUKEE BUCKS,1997,Jordan,101
MILWAUKEE BUCKS,1998,Jordan,101
MILWAUKEE BUCKS,2001,Jordan,31
MILWAUKEE BUCKS,2002,Jordan,81
MILWAUKEE BUCKS,2003,Jordan,51
MINNESOTA TIMBERWOLVES,All,Jordan,526
MINNESOTA TIMBERWOLVES,1984,Jordan,
MINNESOTA TIMBERWOLVES,1985,Jordan,
MINNESOTA TIMBERWOLVES,1986,Jordan,
MINNESOTA TIMBERWOLVES,1987,Jordan,
MINNESOTA TIMBERWOLVES,1988,Jordan,
MINNESOTA TIMBERWOLVES,1989,Jordan,73
MINNESOTA TIMBERWOLVES,1990,Jordan,17
MINNESOTA TIMBERWOLVES,1991,Jordan,20
MINNESOTA TIMBERWOLVES,1992,Jordan,95
MINNESOTA TIMBERWOLVES,1993,Jordan,34
MINNESOTA TIMBERWOLVES,1995,Jordan,
MINNESOTA TIMBERWOLVES,1996,Jordan,97
MINNESOTA TIMBERWOLVES,1997,Jordan,58
MINNESOTA TIMBERWOLVES,1998,Jordan,41
MINNESOTA TIMBERWOLVES,2001,Jordan,
MINNESOTA TIMBERWOLVES,2002,Jordan,74
MINNESOTA TIMBERWOLVES,2003,Jordan,17
NEW JERSEY NETS,All,Jordan,1706
NEW JERSEY NETS,1984,Jordan,54
NEW JERSEY NETS,1985,Jordan,124
NEW JERSEY NETS,1986,Jordan,63
NEW JERSEY NETS,1987,Jordan,226
NEW JERSEY NETS,1988,Jordan,197
NEW JERSEY NETS,1989,Jordan,82
NEW JERSEY NETS,1990,Jordan,94
NEW JERSEY NETS,1991,Jordan,168
NEW JERSEY NETS,1992,Jordan,139
NEW JERSEY NETS,1993,Jordan,94
NEW JERSEY NETS,1995,Jordan,55
NEW JERSEY NETS,1996,Jordan,110
NEW JERSEY NETS,1997,Jordan,96
NEW JERSEY NETS,1998,Jordan,49
NEW JERSEY NETS,2001,Jordan,45
NEW JERSEY NETS,2002,Jordan,59
NEW JERSEY NETS,2003,Jordan,51
NEW ORLEANS HORNETS,All,Jordan,83
NEW ORLEANS HORNETS,1984,Jordan,
NEW ORLEANS HORNETS,1985,Jordan,
NEW ORLEANS HORNETS,1986,Jordan,
NEW ORLEANS HORNETS,1987,Jordan,
NEW ORLEANS HORNETS,1988,Jordan,
NEW ORLEANS HORNETS,1989,Jordan,
NEW ORLEANS HORNETS,1990,Jordan,
NEW ORLEANS HORNETS,1991,Jordan,
NEW ORLEANS HORNETS,1992,Jordan,
NEW ORLEANS HORNETS,1993,Jordan,
NEW ORLEANS HORNETS,1995,Jordan,
NEW ORLEANS HORNETS,1996,Jordan,
NEW ORLEANS HORNETS,1997,Jordan,
NEW ORLEANS HORNETS,1998,Jordan,
NEW ORLEANS HORNETS,2001,Jordan,
NEW ORLEANS HORNETS,2002,Jordan,
NEW ORLEANS HORNETS,2003,Jordan,83
NEW YORK KNICKERBOCKERS,All,Jordan,1894
NEW YORK KNICKERBOCKERS,1984,Jordan,54
NEW YORK KNICKERBOCKERS,1985,Jordan,102
NEW YORK KNICKERBOCKERS,1986,Jordan,163
NEW YORK KNICKERBOCKERS,1987,Jordan,109
NEW YORK KNICKERBOCKERS,1988,Jordan,221
NEW YORK KNICKERBOCKERS,1989,Jordan,95
NEW YORK KNICKERBOCKERS,1990,Jordan,184
NEW YORK KNICKERBOCKERS,1991,Jordan,118
NEW YORK KNICKERBOCKERS,1992,Jordan,141
NEW YORK KNICKERBOCKERS,1993,Jordan,21
NEW YORK KNICKERBOCKERS,1995,Jordan,105
NEW YORK KNICKERBOCKERS,1996,Jordan,101
NEW YORK KNICKERBOCKERS,1997,Jordan,183
NEW YORK KNICKERBOCKERS,1998,Jordan,130
NEW YORK KNICKERBOCKERS,2001,Jordan,64
NEW YORK KNICKERBOCKERS,2002,Jordan,20
NEW YORK KNICKERBOCKERS,2003,Jordan,83
ORLANDO MAGIC,All,Jordan,974
ORLANDO MAGIC,1984,Jordan,
ORLANDO MAGIC,1985,Jordan,
ORLANDO MAGIC,1986,Jordan,
ORLANDO MAGIC,1987,Jordan,
ORLANDO MAGIC,1988,Jordan,
ORLANDO MAGIC,1989,Jordan,90
ORLANDO MAGIC,1990,Jordan,130
ORLANDO MAGIC,1991,Jordan,100
ORLANDO MAGIC,1992,Jordan,78
ORLANDO MAGIC,1993,Jordan,141
ORLANDO MAGIC,1995,Jordan,80
ORLANDO MAGIC,1996,Jordan,50
ORLANDO MAGIC,1997,Jordan,132
ORLANDO MAGIC,1998,Jordan,54
ORLANDO MAGIC,2001,Jordan,27
ORLANDO MAGIC,2002,Jordan,37
ORLANDO MAGIC,2003,Jordan,55
PHILADELPHIA 76ERS,All,Jordan,1757
PHILADELPHIA 76ERS,1984,Jordan,30
PHILADELPHIA 76ERS,1985,Jordan,109
PHILADELPHIA 76ERS,1986,Jordan,12
PHILADELPHIA 76ERS,1987,Jordan,333
PHILADELPHIA 76ERS,1988,Jordan,242
PHILADELPHIA 76ERS,1989,Jordan,112
PHILADELPHIA 76ERS,1990,Jordan,97
PHILADELPHIA 76ERS,1991,Jordan,159
PHILADELPHIA 76ERS,1992,Jordan,83
PHILADELPHIA 76ERS,1993,Jordan,101
PHILADELPHIA 76ERS,1995,Jordan,12
PHILADELPHIA 76ERS,1996,Jordan,199
PHILADELPHIA 76ERS,1997,Jordan,69
PHILADELPHIA 76ERS,1998,Jordan,44
PHILADELPHIA 76ERS,2001,Jordan,50
PHILADELPHIA 76ERS,2002,Jordan,65
PHILADELPHIA 76ERS,2003,Jordan,40
PHOENIX SUNS,All,Jordan,811
PHOENIX SUNS,1984,Jordan,22
PHOENIX SUNS,1985,Jordan,27
PHOENIX SUNS,1986,Jordan,82
PHOENIX SUNS,1987,Jordan,
PHOENIX SUNS,1988,Jordan,79
PHOENIX SUNS,1989,Jordan,119
PHOENIX SUNS,1990,Jordan,89
PHOENIX SUNS,1991,Jordan,
PHOENIX SUNS,1992,Jordan,70
PHOENIX SUNS,1993,Jordan,44
PHOENIX SUNS,1995,Jordan,
PHOENIX SUNS,1996,Jordan,122
PHOENIX SUNS,1997,Jordan,61
PHOENIX SUNS,1998,Jordan,
PHOENIX SUNS,2001,Jordan,
PHOENIX SUNS,2002,Jordan,63
PHOENIX SUNS,2003,Jordan,33
PORTLAND TRAILBLAZERS,All,Jordan,816
PORTLAND TRAILBLAZERS,1984,Jordan,30
PORTLAND TRAILBLAZERS,1985,Jordan,29
PORTLAND TRAILBLAZERS,1986,Jordan,
PORTLAND TRAILBLAZERS,1987,Jordan,99
PORTLAND TRAILBLAZERS,1988,Jordan,90
PORTLAND TRAILBLAZERS,1989,Jordan,83
PORTLAND TRAILBLAZERS,1990,Jordan,99
PORTLAND TRAILBLAZERS,1991,Jordan,40
PORTLAND TRAILBLAZERS,1992,Jordan,69
PORTLAND TRAILBLAZERS,1993,Jordan,34
PORTLAND TRAILBLAZERS,1995,Jordan,69
PORTLAND TRAILBLAZERS,1996,Jordan,
PORTLAND TRAILBLAZERS,1997,Jordan,73
PORTLAND TRAILBLAZERS,1998,Jordan,62
PORTLAND TRAILBLAZERS,2001,Jordan,
PORTLAND TRAILBLAZERS,2002,Jordan,14
PORTLAND TRAILBLAZERS,2003,Jordan,25
SACRAMENTO KINGS,All,Jordan,745
SACRAMENTO KINGS,1984,Jordan,
SACRAMENTO KINGS,1985,Jordan,
SACRAMENTO KINGS,1986,Jordan,
SACRAMENTO KINGS,1987,Jordan,83
SACRAMENTO KINGS,1988,Jordan,118
SACRAMENTO KINGS,1989,Jordan,67
SACRAMENTO KINGS,1990,Jordan,43
SACRAMENTO KINGS,1991,Jordan,121
SACRAMENTO KINGS,1992,Jordan,
SACRAMENTO KINGS,1993,Jordan,68
SACRAMENTO KINGS,1995,Jordan,
SACRAMENTO KINGS,1996,Jordan,47
SACRAMENTO KINGS,1997,Jordan,100
SACRAMENTO KINGS,1998,Jordan,28
SACRAMENTO KINGS,2001,Jordan,
SACRAMENTO KINGS,2002,Jordan,41
SACRAMENTO KINGS,2003,Jordan,29
SAN ANTONIO SPURS,All,Jordan,769
SAN ANTONIO SPURS,1984,Jordan,45
SAN ANTONIO SPURS,1985,Jordan,38
SAN ANTONIO SPURS,1986,Jordan,77
SAN ANTONIO SPURS,1987,Jordan,40
SAN ANTONIO SPURS,1988,Jordan,28
SAN ANTONIO SPURS,1989,Jordan,81
SAN ANTONIO SPURS,1990,Jordan,44
SAN ANTONIO SPURS,1991,Jordan,75
SAN ANTONIO SPURS,1992,Jordan,70
SAN ANTONIO SPURS,1993,Jordan,42
SAN ANTONIO SPURS,1995,Jordan,66
SAN ANTONIO SPURS,1996,Jordan,35
SAN ANTONIO SPURS,1997,Jordan,45
SAN ANTONIO SPURS,1998,Jordan,30
SAN ANTONIO SPURS,2001,Jordan,
SAN ANTONIO SPURS,2002,Jordan,53
SAN ANTONIO SPURS,2003,Jordan,
SEATTLE SUPERSONICS,All,Jordan,747
SEATTLE SUPERSONICS,1984,Jordan,23
SEATTLE SUPERSONICS,1985,Jordan,22
SEATTLE SUPERSONICS,1986,Jordan,40
SEATTLE SUPERSONICS,1987,Jordan,45
SEATTLE SUPERSONICS,1988,Jordan,65
SEATTLE SUPERSONICS,1989,Jordan,96
SEATTLE SUPERSONICS,1990,Jordan,64
SEATTLE SUPERSONICS,1991,Jordan,50
SEATTLE SUPERSONICS,1992,Jordan,35
SEATTLE SUPERSONICS,1993,Jordan,38
SEATTLE SUPERSONICS,1995,Jordan,22
SEATTLE SUPERSONICS,1996,Jordan,35
SEATTLE SUPERSONICS,1997,Jordan,103
SEATTLE SUPERSONICS,1998,Jordan,40
SEATTLE SUPERSONICS,2001,Jordan,16
SEATTLE SUPERSONICS,2002,Jordan,27
SEATTLE SUPERSONICS,2003,Jordan,26
TORONTO RAPTORS,All,Jordan,390
TORONTO RAPTORS,1984,Jordan,
TORONTO RAPTORS,1985,Jordan,
TORONTO RAPTORS,1986,Jordan,
TORONTO RAPTORS,1987,Jordan,
TORONTO RAPTORS,1988,Jordan,
TORONTO RAPTORS,1989,Jordan,
TORONTO RAPTORS,1990,Jordan,
TORONTO RAPTORS,1991,Jordan,
TORONTO RAPTORS,1992,Jordan,
TORONTO RAPTORS,1993,Jordan,
TORONTO RAPTORS,1995,Jordan,65
TORONTO RAPTORS,1996,Jordan,87
TORONTO RAPTORS,1997,Jordan,77
TORONTO RAPTORS,1998,Jordan,67
TORONTO RAPTORS,2001,Jordan,21
TORONTO RAPTORS,2002,Jordan,47
TORONTO RAPTORS,2003,Jordan,26
UTAH JAZZ,All,Jordan,850
UTAH JAZZ,1984,Jordan,
UTAH JAZZ,1985,Jordan,54
UTAH JAZZ,1986,Jordan,72
UTAH JAZZ,1987,Jordan,47
UTAH JAZZ,1988,Jordan,78
UTAH JAZZ,1989,Jordan,67
UTAH JAZZ,1990,Jordan,72
UTAH JAZZ,1991,Jordan,37
UTAH JAZZ,1992,Jordan,71
UTAH JAZZ,1993,Jordan,64
UTAH JAZZ,1995,Jordan,64
UTAH JAZZ,1996,Jordan,44
UTAH JAZZ,1997,Jordan,23
UTAH JAZZ,1998,Jordan,72
UTAH JAZZ,2001,Jordan,44
UTAH JAZZ,2002,Jordan,30
UTAH JAZZ,2003,Jordan,11
VANCOUVER GRIZZLIES,All,Jordan,135
VANCOUVER GRIZZLIES,1984,Jordan,
VANCOUVER GRIZZLIES,1985,Jordan,
VANCOUVER GRIZZLIES,1986,Jordan,
VANCOUVER GRIZZLIES,1987,Jordan,
VANCOUVER GRIZZLIES,1988,Jordan,
VANCOUVER GRIZZLIES,1989,Jordan,
VANCOUVER GRIZZLIES,1990,Jordan,
VANCOUVER GRIZZLIES,1991,Jordan,
VANCOUVER GRIZZLIES,1992,Jordan,
VANCOUVER GRIZZLIES,1993,Jordan,
VANCOUVER GRIZZLIES,1995,Jordan,29
VANCOUVER GRIZZLIES,1996,Jordan,34
VANCOUVER GRIZZLIES,1997,Jordan,28
VANCOUVER GRIZZLIES,1998,Jordan,44
VANCOUVER GRIZZLIES,2001,Jordan,
VANCOUVER GRIZZLIES,2002,Jordan,
VANCOUVER GRIZZLIES,2003,Jordan,
WASHINGTON BULLETS,All,Jordan,1378
WASHINGTON BULLETS,1984,Jordan,16
WASHINGTON BULLETS,1985,Jordan,121
WASHINGTON BULLETS,1986,Jordan,81
WASHINGTON BULLETS,1987,Jordan,199
WASHINGTON BULLETS,1988,Jordan,116
WASHINGTON BULLETS,1989,Jordan,125
WASHINGTON BULLETS,1990,Jordan,126
WASHINGTON BULLETS,1991,Jordan,89
WASHINGTON BULLETS,1992,Jordan,183
WASHINGTON BULLETS,1993,Jordan,72
WASHINGTON BULLETS,1995,Jordan,
WASHINGTON BULLETS,1996,Jordan,141
WASHINGTON BULLETS,1997,Jordan,109
WASHINGTON BULLETS,1998,Jordan,
WASHINGTON BULLETS,2001,Jordan,
WASHINGTON BULLETS,2002,Jordan,
WASHINGTON BULLETS,2003,Jordan,
WASHINGTON WIZARDS,All,Jordan,106
WASHINGTON WIZARDS,1984,Jordan,
WASHINGTON WIZARDS,1985,Jordan,
WASHINGTON WIZARDS,1986,Jordan,
WASHINGTON WIZARDS,1987,Jordan,
WASHINGTON WIZARDS,1988,Jordan,
WASHINGTON WIZARDS,1989,Jordan,
WASHINGTON WIZARDS,1990,Jordan,
WASHINGTON WIZARDS,1991,Jordan,
WASHINGTON WIZARDS,1992,Jordan,
WASHINGTON WIZARDS,1993,Jordan,
WASHINGTON WIZARDS,1995,Jordan,
WASHINGTON WIZARDS,1996,Jordan,
WASHINGTON WIZARDS,1997,Jordan,57
WASHINGTON WIZARDS,1998,Jordan,49
WASHINGTON WIZARDS,2001,Jordan,
WASHINGTON WIZARDS,2002,Jordan,
WASHINGTON WIZARDS,2003,Jordan,